,Pred_A,Pred_B,Pred_C,Pred_D,Pred_E,Pred_F,Pred_G,Pred_H,Pred_I,Pred_J,Pred_K,Pred_L,Pred_M,Pred_N,Pred_O,Pred_P,Pred_Q,Pred_R,Pred_S,Pred_T,Pred_U,Pred_V,Pred_W,Pred_X,Pred_Y,Pred_Z
Actual_A,0,0,0,0,0,0,0,0,383,0,0,0,406,0,0,0,0,0,0,0,0,0,0,0,0,0
Actual_B,0,0,0,0,0,0,0,0,285,0,0,0,481,0,0,0,0,0,0,0,0,0,0,0,0,0
Actual_C,0,0,0,0,0,0,0,0,347,0,0,0,389,0,0,0,0,0,0,0,0,0,0,0,0,0
Actual_D,0,0,0,0,0,0,0,0,315,0,0,0,490,0,0,0,0,0,0,0,0,0,0,0,0,0
Actual_E,0,0,0,0,0,0,0,0,315,0,0,0,453,0,0,0,0,0,0,0,0,0,0,0,0,0
Actual_F,0,0,0,0,0,0,0,0,396,0,0,0,379,0,0,0,0,0,0,0,0,0,0,0,0,0
Actual_G,0,0,0,0,0,0,0,0,327,0,0,0,446,0,0,0,0,0,0,0,0,0,0,0,0,0
Actual_H,0,0,0,0,0,0,0,0,316,0,0,0,418,0,0,0,0,0,0,0,0,0,0,0,0,0
Actual_I,0,0,0,0,0,0,0,0,511,0,0,0,244,0,0,0,0,0,0,0,0,0,0,0,0,0
Actual_J,0,0,0,0,0,0,0,0,429,0,0,0,318,0,0,0,0,0,0,0,0,0,0,0,0,0
Actual_K,0,0,0,0,0,0,0,0,279,0,0,0,460,0,0,0,0,0,0,0,0,0,0,0,0,0
Actual_L,0,0,0,0,0,0,0,0,423,0,0,0,338,0,0,0,0,0,0,0,0,0,0,0,0,0
Actual_M,0,0,0,0,0,0,0,0,255,0,0,0,537,0,0,0,0,0,0,0,0,0,0,0,0,0
Actual_N,0,0,0,0,0,0,0,0,315,0,0,0,468,0,0,0,0,0,0,0,0,0,0,0,0,0
Actual_O,0,0,0,0,0,0,0,0,301,0,0,0,452,0,0,0,0,0,0,0,0,0,0,0,0,0
Actual_P,0,0,0,0,0,0,0,0,332,0,0,0,471,0,0,0,0,0,0,0,0,0,0,0,0,0
Actual_Q,0,0,0,0,0,0,0,0,297,0,0,0,486,0,0,0,0,0,0,0,0,0,0,0,0,0
Actual_R,0,0,0,0,0,0,0,0,279,0,0,0,479,0,0,0,0,0,0,0,0,0,0,0,0,0
Actual_S,0,0,0,0,0,0,0,0,253,0,0,0,495,0,0,0,0,0,0,0,0,0,0,0,0,0
Actual_T,0,0,0,0,0,0,0,0,425,0,0,0,371,0,0,0,0,0,0,0,0,0,0,0,0,0
Actual_U,0,0,0,0,0,0,0,0,389,0,0,0,424,0,0,0,0,0,0,0,0,0,0,0,0,0
Actual_V,0,0,0,0,0,0,0,0,380,0,0,0,384,0,0,0,0,0,0,0,0,0,0,0,0,0
Actual_W,0,0,0,0,0,0,0,0,233,0,0,0,519,0,0,0,0,0,0,0,0,0,0,0,0,0
Actual_X,0,0,0,0,0,0,0,0,327,0,0,0,460,0,0,0,0,0,0,0,0,0,0,0,0,0
Actual_Y,0,0,0,0,0,0,0,0,387,0,0,0,399,0,0,0,0,0,0,0,0,0,0,0,0,0
Actual_Z,0,0,0,0,0,0,0,0,298,0,0,0,436,0,0,0,0,0,0,0,0,0,0,0,0,0
